,Unnamed: 0,gamma,delta,auc_non_weighted,tpr_non_weighted,fpr_non_weighted,auc_weighted,tpr_weighted,fpr_weighted
0,0,0.25,2.0,0.6768665452653485,0.0689267811773631,0.0,0.6272112382934443,0.0800488860369473,0.0080645161290322
1,1,0.25,2.0,0.6241220083246618,0.0736767015756604,0.0,0.576873048907388,0.086042898264112,0.0080645161290322
2,2,0.25,2.0,0.746618106139438,0.1047589297520274,0.0,0.7214490114464099,0.1497503977865377,0.0080645161290322
0,0,0.25,2.0,0.8498959417273673,0.2052477146421778,0.0,0.7818678459937564,0.2544427396064356,0.0080645161290322
1,1,0.25,2.0,0.9874479708636836,0.5246596489564817,0.0,0.9845863683662852,0.6247480332840069,0.0080645161290322
